title,category_id,views,likes,dislikes,comment_count,comments_disabled,ratings_disabled
WE WANT TO TALK ABOUT OUR MARRIAGE,22,748374,57527,2966,15954,FALSE,FALSE
The Trump Presidency: Last Week Tonight with John Oliver (HBO),24,2418783,97185,6146,12703,FALSE,FALSE
"Racist Superman | Rudy Mancuso, King Bach & Lele Pons",23,3191434,146033,5339,8181,FALSE,FALSE
Nickelback Lyrics: Real or Fake?,24,343168,10172,666,2146,FALSE,FALSE
I Dare You: GOING BALD!?,,2095731,132235,1989,17518,FALSE,FALSE
2 Weeks with iPhone X,28,119180,,511,1434,FALSE,FALSE
Roy Moore & Jeff Sessions Cold Open - SNL,24,2103417,15993,,1970,FALSE,FALSE
5 Ice Cream Gadgets put to the Test,28,817732,23663,778,3432,FALSE,FALSE
The Greatest Showman | Official Trailer 2 [HD] | 20th Century FOX,1,826059,3543,119,340,FALSE,FALSE
Why the rise of the robots wonâ€™t mean the end of work,25,256426,12654,1363,2368,FALSE,FALSE
Dion Lewis' 103-Yd Kick Return TD vs. Denver! | Can't-Miss Play | NFL Wk 10 Highlights,17,81377,,25,177,FALSE,FALSE
(SPOILERS) 'Shiva Saves the Day' Talked About Scene Ep. 804 | The Walking Dead,24,104578,1576,303,1279,FALSE,FALSE
Marshmello - Blocks (Official Music Video),10,687582,114188,1333,8371,FALSE,FALSE
Which Countries Are About To Collapse?,25,544770,7848,1171,3981,FALSE,FALSE
SHOPPING FOR NEW FISH!!!,15,207532,7473,246,2120,FALSE,FALSE
The New SpotMini,28,75752,9419,,1230,FALSE,FALSE
One Change That Would Make Pacific Rim a Classic,23,295639,8011,638,1256,FALSE,FALSE
How does your body know you're full? - Hilary Coller,27,,5398,53,385,FALSE,FALSE
HomeMade Electric Airplane,28,97007,11963,36,2211,FALSE,FALSE
